loan_id,account_id,date,amount,duration,payments,status,DATE EDITED,,STATUS EDIT
6534,7542,971019,590820,60,9847,C,19-10-2021,,Running Contract
6791,8926,980123,566640,60,9444,C,23-01-2022,,Running Contract
5447,2335,971112,541200,60,9020,D,12-11-2021,,Client in debt
5132,817,950217,538500,60,8975,C,17-02-2019,,Running Contract
5569,2936,980120,504000,60,8400,C,20-01-2022,,Running Contract
6436,7049,980522,495180,60,8253,C,22-05-2022,,Running Contract
7142,10451,941219,482940,60,8049,D,19-12-2018,,Client in debt
6415,6950,970212,475680,48,9910,C,12-02-2021,,Running Contract
6625,7966,970907,473280,60,7888,D,07-09-2021,,Client in debt
5043,339,971225,468060,60,7801,C,25-12-2021,,Running Contract
5486,2516,970613,466608,48,9721,C,13-06-2021,,Running Contract
5976,4794,971227,465504,48,9698,D,27-12-2021,,Client in debt
5970,4774,950709,465072,48,9689,C,09-07-2019,,Running Contract
6228,6034,931201,464520,60,7742,B,01-12-2017,,Loan Not Paid
5731,3711,971105,460980,60,7683,D,05-11-2021,,Client in debt
5725,3679,960723,444864,48,9268,C,23-07-2020,,Running Contract
5561,2910,980829,437460,60,7291,C,29-08-2022,,Running Contract
5491,2545,980213,428784,48,8933,C,13-02-2022,,Running Contract
7101,10297,961118,421008,48,8771,C,18-11-2020,,Running Contract
7304,11349,951029,419880,60,6998,C,29-10-2019,,Running Contract
7154,10520,961205,417600,60,6960,C,05-12-2020,,Running Contract
6704,8377,950601,417060,60,6951,C,01-06-2019,,Running Contract
5419,2246,970205,415800,60,6930,C,05-02-2021,,Running Contract
6237,6075,980106,407952,48,8499,D,06-01-2022,,Client in debt
5830,4190,970828,405780,60,6763,C,28-08-2021,,Running Contract
5938,4650,960825,402000,60,6700,C,25-08-2020,,Running Contract
6055,5181,970428,399120,60,6652,C,28-04-2021,,Running Contract
6272,6226,941220,398640,60,6644,C,20-12-2018,,Running Contract
5329,1862,961016,396120,60,6602,C,16-10-2020,,Running Contract
7271,11186,961002,392460,60,6541,C,02-10-2020,,Running Contract
6338,6592,970824,390660,60,6511,C,24-08-2021,,Running Contract
6554,7637,970129,390096,48,8127,C,29-01-2021,,Running Contract
5589,3005,980605,390000,48,8125,C,05-06-2022,,Running Contract
5236,1374,970915,389136,48,8107,C,15-09-2021,,Running Contract
5282,1583,960824,388512,48,8094,D,24-08-2020,,Client in debt
5318,1808,980930,385584,48,8033,C,30-09-2022,,Running Contract
7209,10857,971130,385560,60,6426,D,30-11-2021,,Client in debt
5174,1093,970613,385104,48,8023,C,13-06-2021,,Running Contract
5563,2912,960229,380160,60,6336,C,29-02-2020,,Running Contract
6926,9455,980207,374760,60,6246,C,07-02-2022,,Running Contract
6585,7795,961029,372120,60,6202,C,29-10-2020,,Running Contract
5041,319,970711,369000,60,6150,C,11-07-2021,,Running Contract
6109,5422,960603,368880,60,6148,C,03-06-2020,,Running Contract
6239,6083,970928,360864,48,7518,D,28-09-2021,,Client in debt
5494,2572,960613,360000,48,7500,C,13-06-2020,,Running Contract
6006,4948,961115,359760,60,5996,C,15-11-2020,,Running Contract
5063,442,970710,357840,48,7455,D,10-07-2021,,Client in debt
4989,105,981205,352704,48,7348,C,05-12-2022,,Running Contract
6118,5477,971004,349392,48,7279,C,04-10-2021,,Running Contract
7100,10280,971231,348120,60,5802,C,31-12-2021,,Running Contract
5418,2245,950116,347952,48,7249,C,16-01-2019,,Running Contract
6938,9504,970310,341280,60,5688,C,10-03-2021,,Running Contract
7195,10774,980423,339168,48,7066,C,23-04-2022,,Running Contract
5532,2754,970504,335280,48,6985,C,04-05-2021,,Running Contract
5991,4858,980727,335184,48,6983,D,27-07-2022,,Client in debt
5772,3906,980308,334620,60,5577,C,08-03-2022,,Running Contract
6705,8381,970725,333648,48,6951,D,25-07-2021,,Client in debt
5042,330,980712,331584,48,6908,C,12-07-2022,,Running Contract
7004,9869,950315,331560,60,5526,C,15-03-2019,,Running Contract
5865,4354,981030,327660,60,5461,C,30-10-2022,,Running Contract
6038,5120,940810,323472,48,6739,A,10-08-2018,,Contract Finished
6821,9037,980915,321936,48,6707,C,15-09-2022,,Running Contract
6235,6062,980419,321360,60,5356,C,19-04-2022,,Running Contract
5889,4456,980209,321240,60,5354,C,09-02-2022,,Running Contract
5611,3115,961115,321180,60,5353,C,15-11-2020,,Running Contract
6063,5213,960425,320976,48,6687,D,25-04-2020,,Client in debt
6550,7614,960518,320592,48,6679,C,18-05-2020,,Running Contract
4967,37,981014,318480,60,5308,D,14-10-2022,,Client in debt
6028,5072,970209,317520,60,5292,C,09-02-2021,,Running Contract
7292,11317,981122,317460,60,5291,C,22-11-2022,,Running Contract
5724,3678,950205,316140,60,5269,D,05-02-2019,,Client in debt
5435,2279,980601,314688,48,6556,C,01-06-2022,,Running Contract
7227,10942,951002,314520,60,5242,C,02-10-2019,,Running Contract
7050,10065,970923,311232,48,6484,C,23-09-2021,,Running Contract
6695,8320,970604,309660,60,5161,C,04-06-2021,,Running Contract
6540,7562,951231,309600,48,6450,C,31-12-2019,,Running Contract
5145,915,950916,309552,48,6449,C,16-09-2019,,Running Contract
5758,3859,970502,307200,60,5120,D,02-05-2021,,Client in debt
7085,10202,970619,305424,48,6363,C,19-06-2021,,Running Contract
6087,5313,940227,300660,60,5011,C,27-02-2018,,Running Contract
7001,9859,970810,300600,60,5010,C,10-08-2021,,Running Contract
5918,4576,940604,300204,36,8339,A,04-06-2018,,Contract Finished
5395,2176,940730,299088,36,8308,B,30-07-2018,,Loan Not Paid
6350,6678,970709,294384,48,6133,C,09-07-2021,,Running Contract
5363,2051,970422,293880,60,4898,D,22-04-2021,,Client in debt
5469,2445,971226,293160,60,4886,C,26-12-2021,,Running Contract
5354,2000,980714,290820,60,4847,C,14-07-2022,,Running Contract
6175,5735,960221,290700,60,4845,D,21-02-2020,,Client in debt
6007,4949,970830,289920,48,6040,C,30-08-2021,,Running Contract
6435,7045,970616,288720,48,6015,C,16-06-2021,,Running Contract
6526,7523,950103,288468,36,8013,A,03-01-2019,,Contract Finished
6736,8558,940614,288360,60,4806,C,14-06-2018,,Running Contract
6153,5632,950725,285600,60,4760,C,25-07-2019,,Running Contract
6877,9241,970619,285240,60,4754,C,19-06-2021,,Running Contract
5148,940,960529,284280,60,4738,C,29-05-2020,,Running Contract
7295,11328,980718,280440,60,4674,C,18-07-2022,,Running Contract
6962,9646,980402,279072,48,5814,C,02-04-2022,,Running Contract
5593,3037,960418,277884,36,7719,D,18-04-2020,,Client in debt
6232,6051,940708,276660,36,7685,B,08-07-2018,,Loan Not Paid
6073,5263,961112,276300,60,4605,C,12-11-2020,,Running Contract
5644,3293,981127,276084,36,7669,C,27-11-2022,,Running Contract
7240,11013,930906,274740,60,4579,A,06-09-2017,,Contract Finished
5568,2933,940517,272520,60,4542,C,17-05-2018,,Running Contract
6851,9138,970603,272220,60,4537,D,03-06-2021,,Client in debt
6859,9167,980307,272220,60,4537,C,07-03-2022,,Running Contract
5719,3664,970920,271584,48,5658,C,20-09-2021,,Running Contract
5365,2055,980719,271260,60,4521,C,19-07-2022,,Running Contract
6244,6118,950108,270648,36,7518,B,08-01-2019,,Loan Not Paid
6296,6358,960806,270384,48,5633,C,06-08-2020,,Running Contract
7167,10644,980618,269964,36,7499,C,18-06-2022,,Running Contract
5556,2872,970519,268320,60,4472,C,19-05-2021,,Running Contract
7147,10478,980102,267600,48,5575,C,02-01-2022,,Running Contract
6712,8405,951014,266220,60,4437,C,14-10-2019,,Running Contract
6725,8489,950623,265320,36,7370,A,23-06-2019,,Contract Finished
4988,103,971206,265320,36,7370,D,06-12-2021,,Client in debt
5082,501,961024,262980,60,4383,C,24-10-2020,,Running Contract
7122,10365,970104,260640,36,7240,D,04-01-2021,,Client in debt
6655,8085,971017,260400,60,4340,D,17-10-2021,,Client in debt
7176,10663,951028,260028,36,7223,A,28-10-2019,,Contract Finished
7104,10320,931213,259740,60,4329,A,13-12-2017,,Contract Finished
6012,4994,960803,258444,36,7179,C,03-08-2020,,Running Contract
5614,3137,980921,253560,60,4226,C,21-09-2022,,Running Contract
5606,3084,960828,253512,36,7042,D,28-08-2020,,Client in debt
5170,1071,940120,253200,60,4220,C,20-01-2018,,Running Contract
5169,1068,980924,253200,60,4220,C,24-09-2022,,Running Contract
5060,426,940719,252060,60,4201,D,19-07-2018,,Client in debt
7164,10613,980815,249792,48,5204,C,15-08-2022,,Running Contract
5350,1967,960421,249312,48,5194,C,21-04-2020,,Running Contract
5310,1762,950428,248148,36,6893,A,28-04-2019,,Contract Finished
6255,6158,970208,247920,48,5165,D,08-02-2021,,Client in debt
6254,6157,971228,247920,48,5165,C,28-12-2021,,Running Contract
6698,8327,960310,247728,48,5161,C,10-03-2020,,Running Contract
5837,4260,940629,244560,60,4076,C,29-06-2018,,Running Contract
6955,9627,951122,244368,48,5091,C,22-11-2019,,Running Contract
6748,8645,981208,240900,60,4015,C,08-12-2022,,Running Contract
6083,5305,980331,240528,48,5011,C,31-03-2022,,Running Contract
5319,1811,940623,239460,60,3991,C,23-06-2018,,Running Contract
7088,10233,970503,239160,60,3986,C,03-05-2021,,Running Contract
6675,8158,971101,238716,36,6631,C,01-11-2021,,Running Contract
6450,7099,980610,234336,48,4882,C,10-06-2022,,Running Contract
7049,10063,970624,233424,36,6484,C,24-06-2021,,Running Contract
6178,5742,951216,232560,48,4845,C,16-12-2019,,Running Contract
6173,5724,970108,232560,48,4845,C,08-01-2021,,Running Contract
7057,10093,951020,231696,36,6436,A,20-10-2019,,Contract Finished
5520,2699,980830,231168,48,4816,C,30-08-2022,,Running Contract
5051,378,971011,230400,60,3840,C,11-10-2021,,Running Contract
6738,8566,940929,230220,36,6395,B,29-09-2018,,Loan Not Paid
5428,2262,981202,230220,36,6395,C,02-12-2022,,Running Contract
6940,9510,961122,228276,36,6341,C,22-11-2020,,Running Contract
6808,8982,941012,227880,36,6330,A,12-10-2018,,Contract Finished
6932,9491,980625,225504,48,4698,C,25-06-2022,,Running Contract
6151,5628,950425,225420,60,3757,C,25-04-2019,,Running Contract
6686,8260,940825,224604,36,6239,A,25-08-2018,,Contract Finished
5625,3189,961215,222180,60,3703,D,15-12-2020,,Client in debt
6142,5591,970121,221880,60,3698,C,21-01-2021,,Running Contract
5876,4413,950208,221280,48,4610,C,08-02-2019,,Running Contract
6715,8411,960506,220620,60,3677,C,06-05-2020,,Running Contract
6568,7713,980225,220440,60,3674,C,25-02-2022,,Running Contract
6660,8094,970509,220428,36,6123,C,09-05-2021,,Running Contract
5973,4784,971124,219456,48,4572,C,24-11-2021,,Running Contract
7037,10022,980103,218064,48,4543,C,03-01-2022,,Running Contract
7243,11042,951204,217152,36,6032,A,04-12-2019,,Contract Finished
5128,808,960411,215616,48,4492,D,11-04-2020,,Client in debt
7066,10131,940502,215388,36,5983,B,02-05-2018,,Loan Not Paid
6861,9179,980228,215040,60,3584,C,28-02-2022,,Running Contract
5369,2080,970912,214596,36,5961,C,12-09-2021,,Running Contract
5989,4852,960304,213300,36,5925,C,04-03-2020,,Running Contract
7255,11096,970609,213300,60,3555,C,09-06-2021,,Running Contract
5823,4144,980621,212976,36,5916,C,21-06-2022,,Running Contract
6336,6555,940331,212400,36,5900,A,31-03-2018,,Contract Finished
7035,10005,980729,210744,36,5854,C,29-07-2022,,Running Contract
5086,525,970716,210384,48,4383,C,16-07-2021,,Running Contract
6120,5481,940911,209184,48,4358,A,11-09-2018,,Contract Finished
5334,1876,980910,209040,24,8710,C,10-09-2022,,Running Contract
7168,10645,980705,208332,36,5787,C,05-07-2022,,Running Contract
6647,8051,940601,208320,48,4340,A,01-06-2018,,Contract Finished
5126,790,940724,208128,48,4336,B,24-07-2018,,Loan Not Paid
5674,3418,970610,207264,48,4318,C,10-06-2021,,Running Contract
5351,1978,941204,205200,36,5700,A,04-12-2018,,Contract Finished
5963,4746,970907,204780,60,3413,C,07-09-2021,,Running Contract
5160,1011,951218,204000,60,3400,C,18-12-2019,,Running Contract
6468,7176,971130,203940,60,3399,C,30-11-2021,,Running Contract
6097,5362,970821,202848,48,4226,C,21-08-2021,,Running Contract
5312,1772,960313,202788,36,5633,C,13-03-2020,,Running Contract
5470,2456,960415,200976,48,4187,C,15-04-2020,,Running Contract
5450,2345,941211,199680,60,3328,C,11-12-2018,,Running Contract
7166,10630,950624,198240,24,8260,A,24-06-2019,,Contract Finished
7181,10679,971002,197808,24,8242,C,02-10-2021,,Running Contract
7226,10940,940223,197748,36,5493,A,23-02-2018,,Contract Finished
5072,472,970428,196800,24,8200,D,28-04-2021,,Client in debt
7171,10650,980224,196224,48,4088,C,24-02-2022,,Running Contract
6580,7769,940522,196080,48,4085,A,22-05-2018,,Contract Finished
7036,10019,960925,194940,36,5415,C,25-09-2020,,Running Contract
6403,6924,951205,194880,48,4060,C,05-12-2019,,Running Contract
7129,10404,980301,194280,60,3238,C,01-03-2022,,Running Contract
5281,1580,971127,194256,24,8094,C,27-11-2021,,Running Contract
6442,7082,980208,194160,48,4045,C,08-02-2022,,Running Contract
6072,5256,940510,193968,36,5388,A,10-05-2018,,Contract Finished
5887,4448,941003,192744,36,5354,A,03-10-2018,,Contract Finished
5886,4447,961031,192744,36,5354,C,31-10-2020,,Running Contract
5176,1106,941112,192552,24,8023,B,12-11-2018,,Loan Not Paid
6545,7606,951212,191880,60,3198,C,12-12-2019,,Running Contract
6872,9227,980429,191580,60,3193,C,29-04-2022,,Running Contract
5270,1528,970721,191088,48,3981,C,21-07-2021,,Running Contract
5293,1656,981029,189792,48,3954,C,29-10-2022,,Running Contract
6594,7824,940928,189696,24,7904,B,28-09-2018,,Loan Not Paid
6589,7815,960101,189696,24,7904,A,01-01-2020,,Contract Finished
6836,9093,940803,189300,60,3155,C,03-08-2018,,Running Contract
5151,960,950524,189060,60,3151,C,24-05-2019,,Running Contract
6933,9493,950909,188688,48,3931,C,09-09-2019,,Running Contract
6908,9353,970608,188616,24,7859,C,08-06-2021,,Running Contract
5158,1004,980411,188532,36,5237,C,11-04-2022,,Running Contract
5045,347,950501,187224,24,7801,B,01-05-2019,,Loan Not Paid
5136,846,960728,187104,24,7796,A,28-07-2020,,Contract Finished
6810,9006,960608,186384,48,3883,C,08-06-2020,,Running Contract
6793,8931,970130,186300,60,3105,C,30-01-2021,,Running Contract
5414,2228,950329,185952,48,3874,C,29-03-2019,,Running Contract
6746,8639,980606,185640,60,3094,C,06-06-2022,,Running Contract
5226,1318,981011,185544,36,5154,C,11-10-2022,,Running Contract
6207,5912,980623,184620,60,3077,C,23-06-2022,,Running Contract
5209,1250,961125,182640,48,3805,C,25-11-2020,,Running Contract
7262,11135,940301,182628,36,5073,A,01-03-2018,,Contract Finished
5409,2218,951118,182040,60,3034,C,18-11-2019,,Running Contract
6302,6397,960916,181020,60,3017,C,16-09-2020,,Running Contract
6011,4981,961128,179328,48,3736,C,28-11-2020,,Running Contract
5140,873,980224,178500,60,2975,C,24-02-2022,,Running Contract
6196,5837,970914,177804,36,4939,C,14-09-2021,,Running Contract
5624,3166,950103,177744,48,3703,D,03-01-2019,,Client in debt
6147,5602,971228,177504,48,3698,C,28-12-2021,,Running Contract
5360,2035,980125,176328,36,4898,C,25-01-2022,,Running Contract
6961,9645,960606,176148,36,4893,C,06-06-2020,,Running Contract
5699,3562,980524,174960,24,7290,C,24-05-2022,,Running Contract
5698,3556,980922,174840,60,2914,C,22-09-2022,,Running Contract
6111,5428,930924,174744,24,7281,B,24-09-2017,,Loan Not Paid
6112,5442,940617,174744,24,7281,B,17-06-2018,,Loan Not Paid
6732,8533,960919,174048,48,3626,C,19-09-2020,,Running Contract
6066,5228,940711,173808,24,7242,A,11-07-2018,,Contract Finished
6734,8547,960530,173016,36,4806,C,30-05-2020,,Running Contract
5304,1718,980820,172272,24,7178,C,20-08-2022,,Running Contract
6841,9104,940807,172080,48,3585,A,07-08-2018,,Contract Finished
6078,5283,980909,170832,48,3559,C,09-09-2022,,Running Contract
6755,8713,980724,170700,60,2845,C,24-07-2022,,Running Contract
6552,7632,980108,170448,48,3551,C,08-01-2022,,Running Contract
5390,2167,941030,170256,24,7094,A,30-10-2018,,Contract Finished
7241,11021,950304,168984,24,7041,B,04-03-2019,,Loan Not Paid
5956,4725,971104,168264,36,4674,C,04-11-2021,,Running Contract
7055,10079,940406,167100,60,2785,C,06-04-2018,,Running Contract
5316,1801,930711,165960,36,4610,A,11-07-2017,,Contract Finished
4973,67,960502,165960,24,6915,A,02-05-2020,,Contract Finished
5265,1498,981007,165780,60,2763,C,07-10-2022,,Running Contract
6014,4999,970518,165168,36,4588,C,18-05-2021,,Running Contract
5482,2496,960112,165120,60,2752,C,12-01-2020,,Running Contract
6871,9225,970413,164256,48,3422,C,13-04-2021,,Running Contract
5850,4293,970522,164196,36,4561,C,22-05-2021,,Running Contract
5269,1527,941119,164052,36,4557,B,19-11-2018,,Loan Not Paid
6856,9156,981201,163332,36,4537,C,01-12-2022,,Running Contract
5942,4681,970315,162624,48,3388,C,15-03-2021,,Running Contract
4990,110,970908,162576,36,4516,C,08-09-2021,,Running Contract
5337,1886,960731,162468,36,4513,C,31-07-2020,,Running Contract
5706,3608,960524,161496,36,4486,C,24-05-2020,,Running Contract
5027,276,981202,160920,36,4470,C,02-12-2022,,Running Contract
6633,7997,980205,160656,24,6694,C,05-02-2022,,Running Contract
5451,2350,970511,159744,48,3328,C,11-05-2021,,Running Contract
5804,4079,950405,158976,48,3312,C,05-04-2019,,Running Contract
5713,3629,950530,158760,60,2646,C,30-05-2019,,Running Contract
6104,5395,970905,158184,36,4394,C,05-09-2021,,Running Contract
6948,9560,980315,157068,36,4363,C,15-03-2022,,Running Contract
5453,2361,950401,156672,36,4352,A,01-04-2019,,Contract Finished
5527,2728,980615,156420,60,2607,C,15-06-2022,,Running Contract
5124,785,980212,156096,36,4336,C,12-02-2022,,Running Contract
6667,8127,960715,155880,24,6495,A,15-07-2020,,Contract Finished
7279,11244,971211,155760,24,6490,C,11-12-2021,,Running Contract
6471,7184,960804,155640,24,6485,A,04-08-2020,,Contract Finished
5591,3021,961204,155616,48,3242,C,04-12-2020,,Running Contract
6818,9030,961212,155616,48,3242,C,12-12-2020,,Running Contract
7189,10728,960321,154656,48,3222,C,21-03-2020,,Running Contract
7235,10973,931013,154416,48,3217,A,13-10-2017,,Contract Finished
5765,3875,980210,153936,24,6414,C,10-02-2022,,Running Contract
6541,7565,970817,153504,48,3198,C,17-08-2021,,Running Contract
6607,7894,971021,153144,36,4254,C,21-10-2021,,Running Contract
7221,10915,980611,152460,60,2541,C,11-06-2022,,Running Contract
6486,7240,980115,152160,60,2536,C,15-01-2022,,Running Contract
6986,9750,950211,151728,48,3161,D,11-02-2019,,Client in debt
7137,10439,940603,151560,24,6315,A,03-06-2018,,Contract Finished
5815,4116,980603,151200,36,4200,C,03-06-2022,,Running Contract
6313,6461,970615,150912,36,4192,C,15-06-2021,,Running Contract
6010,4969,970306,150180,60,2503,C,06-03-2021,,Running Contract
6103,5385,940407,149340,60,2489,C,07-04-2018,,Running Contract
5189,1166,940207,149040,48,3105,A,07-02-2018,,Contract Finished
7246,11054,960820,148920,60,2482,C,20-08-2020,,Running Contract
5210,1252,970401,148140,36,4115,C,01-04-2021,,Running Contract
5656,3353,970209,146064,24,6086,C,09-02-2021,,Running Contract
6632,7990,980423,144960,48,3020,C,23-04-2022,,Running Contract
6004,4937,940723,143904,24,5996,A,23-07-2018,,Contract Finished
5320,1819,980111,143676,36,3991,C,11-01-2022,,Running Contract
5301,1698,960706,141948,36,3943,C,06-07-2020,,Running Contract
5988,4851,960822,141648,24,5902,A,22-08-2020,,Contract Finished
6216,5952,940930,141240,24,5885,A,30-09-2018,,Contract Finished
6136,5572,980419,140880,60,2348,C,19-04-2022,,Running Contract
7202,10812,980529,140688,48,2931,C,29-05-2022,,Running Contract
5683,3460,980529,140688,48,2931,C,29-05-2022,,Running Contract
6645,8041,941106,140400,36,3900,A,06-11-2018,,Contract Finished
6571,7733,980512,140064,24,5836,C,12-05-2022,,Running Contract
6965,9656,950613,139536,24,5814,A,13-06-2019,,Contract Finished
6402,6922,981206,139488,24,5812,C,06-12-2022,,Running Contract
5415,2236,960926,139464,36,3874,D,26-09-2020,,Client in debt
5805,4081,951128,137904,24,5746,B,28-11-2019,,Loan Not Paid
6358,6715,950114,137880,60,2298,D,14-01-2019,,Client in debt
7067,10134,980111,136368,24,5682,C,11-01-2022,,Running Contract
5501,2622,980521,136344,24,5681,C,21-05-2022,,Running Contract
5900,4503,960101,135360,48,2820,C,01-01-2020,,Running Contract
6694,8316,950319,134784,24,5616,A,19-03-2019,,Contract Finished
6992,9790,960727,133968,48,2791,C,27-07-2020,,Running Contract
5773,3907,980316,133848,24,5577,C,16-03-2022,,Running Contract
7151,10493,980218,133800,24,5575,C,18-02-2022,,Running Contract
7220,10911,940728,131292,36,3647,A,28-07-2018,,Contract Finished
5616,3143,980515,130896,24,5454,C,15-05-2022,,Running Contract
6544,7594,971211,130464,48,2718,C,11-12-2021,,Running Contract
7308,11362,961227,129408,24,5392,A,27-12-2020,,Contract Finished
6075,5267,971126,129312,24,5388,D,26-11-2021,,Client in debt
6013,4995,960203,128988,36,3583,D,03-02-2020,,Client in debt
5206,1242,970907,128544,24,5356,C,07-09-2021,,Running Contract
6641,8026,970909,128268,36,3563,C,09-09-2021,,Running Contract
6355,6699,970924,127200,48,2650,C,24-09-2021,,Running Contract
6863,9188,930728,127080,60,2118,A,28-07-2017,,Contract Finished
6996,9828,950413,126600,24,5275,A,13-04-2019,,Contract Finished
5245,1407,980117,125472,24,5228,C,17-01-2022,,Running Contract
5241,1389,980902,125472,24,5228,C,02-09-2022,,Running Contract
6785,8899,951225,125340,60,2089,C,25-12-2019,,Running Contract
6386,6856,970430,124344,36,3454,C,30-04-2021,,Running Contract
5032,290,941103,123696,48,2577,A,03-11-2018,,Contract Finished
6190,5794,960506,123600,60,2060,C,06-05-2020,,Running Contract
7130,10411,961211,123408,24,5142,A,11-12-2020,,Contract Finished
5260,1480,980119,123300,36,3425,C,19-01-2022,,Running Contract
5610,3112,960224,123216,48,2567,C,24-02-2020,,Running Contract
6866,9201,980205,122472,24,5103,C,05-02-2022,,Running Contract
7061,10105,940827,121896,24,5079,A,27-08-2018,,Contract Finished
6919,9403,940805,120888,36,3358,A,05-08-2018,,Contract Finished
7250,11069,970304,119136,48,2482,C,04-03-2021,,Running Contract
6076,5269,970202,117420,60,1957,C,02-02-2021,,Running Contract
5997,4894,931104,117024,24,4876,A,04-11-2017,,Contract Finished
6934,9494,970209,116832,12,9736,A,09-02-2021,,Contract Finished
6353,6686,971225,116496,24,4854,C,25-12-2021,,Running Contract
6984,9730,970815,116040,60,1934,C,15-08-2021,,Running Contract
7192,10738,941221,115992,36,3222,A,21-12-2018,,Contract Finished
7233,10963,961225,115812,36,3217,C,25-12-2020,,Running Contract
6985,9731,951122,113796,36,3161,A,22-11-2019,,Contract Finished
7213,10884,960213,113544,36,3154,C,13-02-2020,,Running Contract
7091,10243,980922,113436,36,3151,C,22-09-2022,,Running Contract
5034,303,980530,112752,36,3132,C,30-05-2022,,Running Contract
5533,2762,940705,111384,24,4641,A,05-07-2018,,Contract Finished
6508,7437,980419,110736,48,2307,C,19-04-2022,,Running Contract
4968,38,980419,110736,48,2307,C,19-04-2022,,Running Contract
6309,6434,961111,110136,24,4589,A,11-11-2020,,Contract Finished
6015,5001,961109,110112,24,4588,A,09-11-2020,,Contract Finished
5015,226,980712,109344,12,9112,C,12-07-2022,,Running Contract
5154,993,980701,108720,60,1812,C,01-07-2022,,Running Contract
7259,11111,940131,108144,36,3004,A,31-01-2018,,Contract Finished
5959,4727,950811,107640,24,4485,A,11-08-2019,,Contract Finished
5779,3942,971014,107352,36,2982,C,14-10-2021,,Running Contract
5940,4660,970528,106944,24,4456,C,28-05-2021,,Running Contract
5799,4052,971228,106128,36,2948,C,28-12-2021,,Running Contract
5325,1843,930803,105804,36,2939,A,03-08-2017,,Contract Finished
6320,6495,980428,104964,12,8747,C,28-04-2022,,Running Contract
5002,173,940531,104808,12,8734,A,31-05-2018,,Contract Finished
6950,9591,950411,104712,24,4363,A,11-04-2019,,Contract Finished
6949,9583,951212,104712,24,4363,A,12-12-2019,,Contract Finished
6169,5700,950316,103680,60,1728,D,16-03-2019,,Client in debt
4986,97,970810,102876,12,8573,A,10-08-2021,,Contract Finished
5110,675,970401,102240,60,1704,C,01-04-2021,,Running Contract
5375,2106,961003,101520,12,8460,A,03-10-2020,,Contract Finished
5044,344,941221,100980,60,1683,C,21-12-2018,,Running Contract
5817,4127,970815,100800,24,4200,D,15-08-2021,,Client in debt
6346,6649,970522,100260,60,1671,C,22-05-2021,,Running Contract
6816,9017,960326,100224,48,2088,D,26-03-2020,,Client in debt
5862,4342,971209,100128,24,4172,C,09-12-2021,,Running Contract
5253,1447,970603,100080,48,2085,C,03-06-2021,,Running Contract
6913,9377,970429,99936,24,4164,C,29-04-2021,,Running Contract
6469,7180,981117,99744,24,4156,C,17-11-2022,,Running Contract
5208,1247,950316,99696,48,2077,D,16-03-2019,,Client in debt
5449,2343,951104,99336,24,4139,A,04-11-2019,,Contract Finished
6665,8114,970815,99300,60,1655,C,15-08-2021,,Running Contract
6168,5698,981121,99216,36,2756,C,21-11-2022,,Running Contract
5999,4907,960103,98832,48,2059,C,03-01-2020,,Running Contract
6157,5650,950710,98592,24,4108,A,10-07-2019,,Contract Finished
7253,11079,970426,98304,12,8192,A,26-04-2021,,Contract Finished
5161,1012,941028,98184,24,4091,A,28-10-2018,,Contract Finished
6677,8169,970812,97980,60,1633,C,12-08-2021,,Running Contract
6998,9833,940521,97632,12,8136,A,21-05-2018,,Contract Finished
6612,7907,970831,97392,12,8116,A,31-08-2021,,Contract Finished
5877,4414,950223,97224,24,4051,A,23-02-2019,,Contract Finished
5953,4715,970314,97176,24,4049,C,14-03-2021,,Running Contract
5774,3916,980712,96984,36,2694,C,12-07-2022,,Running Contract
6421,6985,960725,96768,36,2688,C,25-07-2020,,Running Contract
5314,1787,930705,96396,12,8033,B,05-07-2017,,Loan Not Paid
6995,9814,960926,96168,12,8014,A,26-09-2020,,Contract Finished
5464,2419,950130,95808,12,7984,A,30-01-2019,,Contract Finished
6356,6701,931208,95400,36,2650,A,08-12-2017,,Contract Finished
5643,3273,970921,94512,12,7876,B,21-09-2021,,Loan Not Paid
6562,7674,970321,94488,24,3937,C,21-03-2021,,Running Contract
5895,4473,970103,93960,60,1566,C,03-01-2021,,Running Contract
5523,2705,931208,93888,36,2608,A,08-12-2017,,Contract Finished
5525,2720,980427,93888,36,2608,C,27-04-2022,,Running Contract
6644,8039,961020,93600,24,3900,A,20-10-2020,,Contract Finished
6730,8523,980215,93036,12,7753,C,15-02-2022,,Running Contract
5413,2227,951212,92976,24,3874,A,12-12-2019,,Contract Finished
5377,2116,970804,92400,12,7700,A,04-08-2021,,Contract Finished
5519,2694,940308,91632,12,7636,A,08-03-2018,,Contract Finished
7046,10049,970328,91632,12,7636,A,28-03-2021,,Contract Finished
6596,7844,940625,91584,24,3816,A,25-06-2018,,Contract Finished
5036,309,981125,91248,48,1901,C,25-11-2022,,Running Contract
6520,7485,940316,91200,24,3800,A,16-03-2018,,Contract Finished
5088,544,960822,91152,24,3798,A,22-08-2020,,Contract Finished
6088,5317,970307,90180,36,2505,C,07-03-2021,,Running Contract
5868,4361,970329,90156,12,7513,A,29-03-2021,,Contract Finished
7263,11138,960119,89880,24,3745,A,19-01-2020,,Contract Finished
5495,2580,960802,89340,60,1489,C,02-08-2020,,Running Contract
7013,9928,960802,89340,60,1489,C,02-08-2020,,Running Contract
7277,11231,971024,89280,12,7440,A,24-10-2021,,Contract Finished
6696,8321,940509,89040,60,1484,C,09-05-2018,,Running Contract
7115,10351,970304,88704,48,1848,C,04-03-2021,,Running Contract
5585,2988,980708,88608,12,7384,C,08-07-2022,,Running Contract
4996,132,961106,88440,12,7370,A,06-11-2020,,Contract Finished
6763,8772,970619,88272,48,1839,C,19-06-2021,,Running Contract
6969,9673,980912,88200,36,2450,C,12-09-2022,,Running Contract
6687,8261,930913,87840,24,3660,A,13-09-2017,,Contract Finished
5882,4427,940926,87816,12,7318,A,26-09-2018,,Contract Finished
5933,4631,971213,87528,24,3647,C,13-12-2021,,Running Contract
6279,6273,940607,87360,24,3640,A,07-06-2018,,Contract Finished
6278,6265,970610,87360,24,3640,C,10-06-2021,,Running Contract
6210,5927,940606,87216,48,1817,B,06-06-2018,,Loan Not Paid
5138,854,950530,87216,48,1817,C,30-05-2019,,Running Contract
7119,10361,970602,86880,12,7240,A,02-06-2021,,Contract Finished
6876,9236,931221,86616,12,7218,A,21-12-2017,,Contract Finished
6921,9422,961029,86184,12,7182,A,29-10-2020,,Contract Finished
5366,2062,961029,86184,12,7182,A,29-10-2020,,Contract Finished
5893,4467,980803,86184,36,2394,C,03-08-2022,,Running Contract
6726,8492,950903,85860,60,1431,C,03-09-2019,,Running Contract
6751,8680,960714,85716,36,2381,C,14-07-2020,,Running Contract
6283,6289,960811,85632,48,1784,C,11-08-2020,,Running Contract
5784,3967,970329,84600,36,2350,D,29-03-2021,,Client in debt
5790,4033,970320,84288,48,1756,C,20-03-2021,,Running Contract
5061,440,980313,84288,48,1756,C,13-03-2022,,Running Contract
6613,7926,960922,84120,24,3505,A,22-09-2020,,Contract Finished
6922,9424,970826,83628,36,2323,C,26-08-2021,,Running Contract
5367,2064,970826,83628,36,2323,C,26-08-2021,,Running Contract
6875,9235,970313,83280,48,1735,C,13-03-2021,,Running Contract
6150,5622,941102,83016,12,6918,A,02-11-2018,,Contract Finished
5595,3050,940902,82896,12,6908,A,02-09-2018,,Contract Finished
6868,9208,981012,82128,24,3422,C,12-10-2022,,Running Contract
5906,4533,980505,81144,36,2254,C,05-05-2022,,Running Contract
4959,2,940105,80952,24,3373,A,05-01-2018,,Contract Finished
6499,7401,940105,80952,24,3373,A,05-01-2018,,Contract Finished
6678,8173,940520,80340,12,6695,A,20-05-2018,,Contract Finished
6294,6353,950212,79920,60,1332,C,12-02-2019,,Running Contract
6059,5196,971228,79824,12,6652,A,28-12-2021,,Contract Finished
5836,4259,940827,79632,24,3318,A,27-08-2018,,Contract Finished
6077,5270,931122,79608,24,3317,A,22-11-2017,,Contract Finished
6605,7890,971014,79344,48,1653,C,14-10-2021,,Running Contract
5285,1603,940206,78936,12,6578,A,06-02-2018,,Contract Finished
6215,5944,980618,78720,48,1640,C,18-06-2022,,Running Contract
6113,5445,971001,78696,36,2186,C,01-10-2021,,Running Contract
5389,2165,970822,78600,24,3275,C,22-08-2021,,Running Contract
7051,10068,970728,77808,12,6484,A,28-07-2021,,Contract Finished
6642,8027,940605,77640,12,6470,A,05-06-2018,,Contract Finished
6574,7745,971220,77544,36,2154,C,20-12-2021,,Running Contract
5635,3230,961004,77184,36,2144,C,04-10-2020,,Running Contract
6322,6510,970506,76992,24,3208,C,06-05-2021,,Running Contract
5117,718,970820,76944,12,6412,A,20-08-2021,,Contract Finished
6316,6473,940526,76908,12,6409,B,26-05-2018,,Loan Not Paid
6737,8564,950311,76680,24,3195,A,11-03-2019,,Contract Finished
6960,9640,950111,76416,24,3184,A,11-01-2019,,Contract Finished
5739,3747,950102,76380,12,6365,A,02-01-2019,,Contract Finished
6790,8919,980608,76104,24,3171,C,08-06-2022,,Running Contract
5992,4863,970318,76080,12,6340,A,18-03-2021,,Contract Finished
7097,10266,931223,75624,24,3151,B,23-12-2017,,Loan Not Paid
5760,3862,980918,74916,36,2081,C,18-09-2022,,Running Contract
5214,1270,970701,74772,36,2077,C,01-07-2021,,Running Contract
6668,8129,940730,74736,36,2076,A,30-07-2018,,Contract Finished
6729,8519,940811,74688,12,6224,A,11-08-2018,,Contract Finished
6766,8784,980428,74352,24,3098,C,28-04-2022,,Running Contract
6461,7136,960919,74124,36,2059,C,19-09-2020,,Running Contract
5878,4415,970401,74040,12,6170,A,01-04-2021,,Contract Finished
5880,4423,951031,73836,36,2051,A,31-10-2019,,Contract Finished
6490,7262,970210,73260,60,1221,C,10-02-2021,,Running Contract
5125,789,951123,73056,48,1522,C,23-11-2019,,Running Contract
5420,2247,970224,72504,24,3021,C,24-02-2021,,Running Contract
6303,6400,960212,72408,24,3017,B,12-02-2020,,Loan Not Paid
6599,7859,961119,72120,12,6010,A,19-11-2020,,Contract Finished
6824,9052,970226,71976,24,2999,D,26-02-2021,,Client in debt
5669,3403,980627,71820,36,1995,C,27-06-2022,,Running Contract
6624,7965,940930,71460,12,5955,A,30-09-2018,,Contract Finished
5385,2143,960909,71460,36,1985,C,09-09-2020,,Running Contract
5212,1256,950529,71064,36,1974,A,29-05-2019,,Contract Finished
6817,9024,961004,70656,48,1472,C,04-10-2020,,Running Contract
5526,2725,981108,69624,36,1934,C,08-11-2022,,Running Contract
6857,9159,980608,69600,48,1450,C,08-06-2022,,Running Contract
7249,11065,940612,69360,48,1445,A,12-06-2018,,Contract Finished
7194,10762,960917,68832,36,1912,C,17-09-2020,,Running Contract
5681,3448,971020,68664,24,2861,C,20-10-2021,,Running Contract
5741,3754,961103,68544,24,2856,A,03-11-2020,,Contract Finished
5352,1993,950415,68400,12,5700,B,15-04-2019,,Loan Not Paid
6095,5358,970124,68340,60,1139,C,24-01-2021,,Running Contract
5638,3249,970827,68124,12,5677,A,27-08-2021,,Contract Finished
6598,7857,950118,68112,12,5676,A,18-01-2019,,Contract Finished
6753,8688,970320,67980,12,5665,A,20-03-2021,,Contract Finished
6249,6138,970730,67608,24,2817,C,30-07-2021,,Running Contract
5682,3455,970307,67464,12,5622,A,07-03-2021,,Contract Finished
7201,10807,970307,67464,12,5622,A,07-03-2021,,Contract Finished
7286,11271,970131,67320,36,1870,C,31-01-2021,,Running Contract
5039,314,970503,66840,24,2785,C,03-05-2021,,Running Contract
5931,4618,970317,66696,24,2779,D,17-03-2021,,Client in debt
5930,4616,980112,66696,24,2779,C,12-01-2022,,Running Contract
5892,4462,960514,66480,24,2770,B,14-05-2020,,Loan Not Paid
5531,2753,970930,66432,24,2768,C,30-09-2021,,Running Contract
6202,5891,940418,65184,12,5432,A,18-04-2018,,Contract Finished
6357,6706,980712,64860,60,1081,C,12-07-2022,,Running Contract
5923,4585,961010,64656,48,1347,C,10-10-2020,,Running Contract
5287,1638,980126,64224,24,2676,C,26-01-2022,,Running Contract
6437,7052,971109,63972,36,1777,D,09-11-2021,,Client in debt
5782,3953,980104,63576,12,5298,C,04-01-2022,,Running Contract
6474,7190,950606,63360,60,1056,C,06-06-2019,,Running Contract
6512,7454,940526,63312,48,1319,A,26-05-2018,,Contract Finished
5750,3804,960208,63252,12,5271,A,08-02-2020,,Contract Finished
6027,5066,960210,61656,24,2569,B,10-02-2020,,Loan Not Paid
5388,2153,961128,61560,12,5130,A,28-11-2020,,Contract Finished
5909,4550,980103,61320,60,1022,C,03-01-2022,,Running Contract
6223,5991,941103,61056,48,1272,A,03-11-2018,,Contract Finished
6342,6609,951112,60156,36,1671,B,12-11-2019,,Loan Not Paid
7138,10440,950703,60000,60,1000,C,03-07-2019,,Running Contract
6253,6148,941104,59760,24,2490,A,04-11-2018,,Contract Finished
6959,9633,970630,59448,24,2477,D,30-06-2021,,Client in debt
6956,9631,971109,59448,24,2477,C,09-11-2021,,Running Contract
5977,4803,970225,59136,48,1232,C,25-02-2021,,Running Contract
6054,5180,980716,58764,12,4897,C,16-07-2022,,Running Contract
5338,1888,970830,57360,12,4780,B,30-08-2021,,Loan Not Paid
7219,10905,970823,57120,48,1190,C,23-08-2021,,Running Contract
6044,5133,980127,57060,12,4755,C,27-01-2022,,Running Contract
6659,8092,960220,56100,60,935,C,20-02-2020,,Running Contract
5346,1928,981206,55632,24,2318,C,06-12-2022,,Running Contract
6509,7445,940315,55368,24,2307,A,15-03-2018,,Contract Finished
7136,10436,960928,54396,36,1511,C,28-09-2020,,Running Contract
7305,11359,960806,54024,12,4502,A,06-08-2020,,Contract Finished
5398,2187,971104,53472,12,4456,A,04-11-2021,,Contract Finished
6037,5118,970504,53232,48,1109,C,04-05-2021,,Running Contract
5134,825,970202,53076,12,4423,A,02-02-2021,,Contract Finished
7284,11265,930915,52788,12,4399,A,15-09-2017,,Contract Finished
5221,1284,981205,52512,12,4376,C,05-12-2022,,Running Contract
6855,9153,980301,52236,36,1451,C,01-03-2022,,Running Contract
6903,9337,940604,52128,24,2172,A,04-06-2018,,Contract Finished
6577,7753,940311,51696,24,2154,A,11-03-2018,,Contract Finished
5861,4337,941208,51408,24,2142,A,08-12-2018,,Contract Finished
5856,4320,970809,51360,12,4280,B,09-08-2021,,Loan Not Paid
5172,1083,980416,50976,36,1416,C,16-04-2022,,Running Contract
5549,2824,940716,50460,60,841,C,16-07-2018,,Running Contract
6819,9031,970503,50112,24,2088,C,03-05-2021,,Running Contract
6470,7181,980517,49872,12,4156,C,17-05-2022,,Running Contract
6464,7156,980416,49488,24,2062,C,16-04-2022,,Running Contract
5452,2352,960429,49440,60,824,C,29-04-2020,,Running Contract
6650,8073,940217,49320,12,4110,B,17-02-2018,,Loan Not Paid
6399,6902,971221,49320,36,1370,C,21-12-2021,,Running Contract
6495,7274,980312,49044,12,4087,C,12-03-2022,,Running Contract
5586,2994,960914,48744,36,1354,C,14-09-2020,,Running Contract
6460,7133,941106,48672,36,1352,A,06-11-2018,,Contract Finished
5131,816,950108,48624,24,2026,A,08-01-2019,,Contract Finished
5446,2334,970804,48312,24,2013,C,04-08-2021,,Running Contract
7242,11027,971023,48096,24,2004,C,23-10-2021,,Running Contract
6745,8625,950410,47304,24,1971,A,10-04-2019,,Contract Finished
6456,7123,931209,47016,12,3918,A,09-12-2017,,Contract Finished
5445,2322,960629,46320,24,1930,A,29-06-2020,,Contract Finished
6944,9548,961115,46176,48,962,C,15-11-2020,,Running Contract
7198,10788,940823,45768,12,3814,A,23-08-2018,,Contract Finished
7199,10789,971209,45768,12,3814,A,09-12-2021,,Contract Finished
7172,10652,980507,45720,12,3810,C,07-05-2022,,Running Contract
6569,7721,980528,45456,12,3788,C,28-05-2022,,Running Contract
5237,1375,950829,45336,24,1889,A,29-08-2019,,Contract Finished
6805,8972,961221,45024,48,938,C,21-12-2020,,Running Contract
5343,1906,971008,44952,24,1873,C,08-10-2021,,Running Contract
7264,11141,971007,44940,12,3745,A,07-10-2021,,Contract Finished
5368,2073,981005,44640,24,1860,C,05-10-2022,,Running Contract
6923,9433,981005,44640,24,1860,C,05-10-2022,,Running Contract
6137,5574,960410,44628,12,3719,A,10-04-2020,,Contract Finished
6144,5593,960809,44376,12,3698,A,09-08-2020,,Contract Finished
7087,10215,970220,44304,24,1846,C,20-02-2021,,Running Contract
5693,3489,950801,44088,24,1837,A,01-08-2019,,Contract Finished
5313,1776,980527,43200,24,1800,C,27-05-2022,,Running Contract
6315,6472,950206,43164,12,3597,A,06-02-2019,,Contract Finished
6621,7957,970614,42900,12,3575,A,14-06-2021,,Contract Finished
6727,8505,971210,42840,12,3570,A,10-12-2021,,Contract Finished
5046,349,980909,42816,12,3568,C,09-09-2022,,Running Contract
6553,7636,980126,42384,12,3532,C,26-01-2022,,Running Contract
5841,4268,981104,41988,12,3499,C,04-11-2022,,Running Contract
6535,7546,951102,41952,12,3496,A,02-11-2019,,Contract Finished
6895,9307,940919,41904,12,3492,A,19-09-2018,,Contract Finished
5808,4099,970731,41856,48,872,C,31-07-2021,,Running Contract
5582,2982,980417,41256,12,3438,C,17-04-2022,,Running Contract
5665,3390,980311,40632,12,3386,C,11-03-2022,,Running Contract
6888,9265,940711,39576,12,3298,A,11-07-2018,,Contract Finished
6887,9263,970508,39576,12,3298,A,08-05-2021,,Contract Finished
7294,11327,980927,39168,24,1632,C,27-09-2022,,Running Contract
5634,3229,970501,39024,12,3252,A,01-05-2021,,Contract Finished
5358,2018,970121,38520,12,3210,A,21-01-2021,,Contract Finished
6321,6505,981008,38496,12,3208,C,08-10-2022,,Running Contract
6820,9034,931216,38148,12,3179,A,16-12-2017,,Contract Finished
5332,1869,980129,37944,36,1054,C,29-01-2022,,Running Contract
6362,6738,951031,37908,12,3159,A,31-10-2019,,Contract Finished
7096,10257,980902,37812,12,3151,C,02-09-2022,,Running Contract
6306,6425,941220,36684,12,3057,A,20-12-2018,,Contract Finished
6929,9472,950508,36396,12,3033,A,08-05-2019,,Contract Finished
6682,8225,980330,36204,12,3017,D,30-03-2022,,Client in debt
7008,9897,950922,36168,12,3014,A,22-09-2019,,Contract Finished
5207,1244,970228,35904,48,748,C,28-02-2021,,Running Contract
6643,8038,980118,35856,24,1494,C,18-01-2022,,Running Contract
6310,6440,970617,34572,12,2881,A,17-06-2021,,Contract Finished
6764,8776,950826,33984,48,708,C,26-08-2019,,Running Contract
5932,4626,970618,33348,12,2779,A,18-06-2021,,Contract Finished
6758,8742,970729,33144,12,2762,A,29-07-2021,,Contract Finished
6130,5541,960718,32640,48,680,C,18-07-2020,,Running Contract
6546,7607,950327,31728,24,1322,A,27-03-2019,,Contract Finished
6970,9677,970617,31620,60,527,C,17-06-2021,,Running Contract
7110,10345,980121,31260,12,2605,C,21-01-2022,,Running Contract
5576,2962,941221,31248,12,2604,A,21-12-2018,,Contract Finished
6185,5774,951128,31176,24,1299,A,28-11-2019,,Contract Finished
7200,10799,980711,31140,60,519,C,11-07-2022,,Running Contract
6501,7418,960429,30276,12,2523,B,29-04-2020,,Loan Not Paid
4961,19,960429,30276,12,2523,B,29-04-2020,,Loan Not Paid
6502,7424,971208,30276,12,2523,A,08-12-2021,,Contract Finished
4962,25,971208,30276,12,2523,A,08-12-2021,,Contract Finished
5311,1766,960615,30060,60,501,C,15-06-2020,,Running Contract
5620,3161,980616,30012,12,2501,C,16-06-2022,,Running Contract
6676,8159,950613,29784,24,1241,A,13-06-2019,,Contract Finished
6865,9199,960911,29448,12,2454,B,11-09-2020,,Loan Not Paid
6227,6030,950304,28248,24,1177,A,04-03-2019,,Contract Finished
6578,7765,951211,27984,12,2332,A,11-12-2019,,Contract Finished
5005,176,970410,27456,12,2288,A,10-04-2021,,Contract Finished
6242,6097,971022,26208,36,728,C,22-10-2021,,Running Contract
6407,6930,940526,25944,24,1081,A,26-05-2018,,Contract Finished
5584,2986,971206,24792,24,1033,C,06-12-2021,,Running Contract
5479,2486,940110,24516,12,2043,A,10-01-2018,,Contract Finished
5130,813,940511,24312,12,2026,A,11-05-2018,,Contract Finished
7187,10711,971224,24180,60,403,C,24-12-2021,,Running Contract
5723,3674,940910,23628,12,1969,A,10-09-2018,,Contract Finished
5229,1329,970906,23520,12,1960,A,06-09-2021,,Contract Finished
7139,10445,980122,23412,12,1951,C,22-01-2022,,Running Contract
5384,2142,980307,23328,12,1944,C,07-03-2022,,Running Contract
6878,9242,970124,23184,12,1932,A,24-01-2021,,Contract Finished
5754,3834,940928,23052,12,1921,A,28-09-2018,,Contract Finished
6354,6688,961023,22968,36,638,C,23-10-2020,,Running Contract
5382,2134,970317,22932,36,637,C,17-03-2021,,Running Contract
6052,5164,980323,22356,36,621,C,23-03-2022,,Running Contract
5147,938,980521,22260,60,371,C,21-05-2022,,Running Contract
7072,10148,980127,22104,12,1842,C,27-01-2022,,Running Contract
7121,10364,931110,21924,36,609,A,10-11-2017,,Contract Finished
6600,7861,951008,21852,36,607,A,08-10-2019,,Contract Finished
5980,4825,950818,21396,12,1783,A,18-08-2019,,Contract Finished
6721,8475,940121,21072,24,878,A,21-01-2018,,Contract Finished
6591,7819,950202,20832,48,434,C,02-02-2019,,Running Contract
6043,5126,960111,20352,48,424,C,11-01-2020,,Running Contract
5922,4580,950805,20220,12,1685,A,05-08-2019,,Contract Finished
5429,2268,960718,20196,36,561,C,18-07-2020,,Running Contract
5651,3329,971208,19248,12,1604,A,08-12-2021,,Contract Finished
7034,10001,960711,19044,36,529,C,11-07-2020,,Running Contract
7230,10954,970402,18720,60,312,C,02-04-2021,,Running Contract
5740,3752,950402,18564,12,1547,A,02-04-2019,,Contract Finished
6942,9513,970716,18324,12,1527,A,16-07-2021,,Contract Finished
5463,2413,981006,17952,12,1496,C,06-10-2022,,Running Contract
6297,6363,941025,17508,12,1459,A,25-10-2018,,Contract Finished
6377,6792,970317,17184,12,1432,A,17-03-2021,,Contract Finished
6852,9140,981110,16032,48,334,C,10-11-2022,,Running Contract
5599,3064,950321,15420,12,1285,A,21-03-2019,,Contract Finished
5897,4476,960925,15192,24,633,A,25-09-2020,,Contract Finished
6064,5215,940804,14628,12,1219,A,04-08-2018,,Contract Finished
5718,3637,970901,14028,12,1169,A,01-09-2021,,Contract Finished
6539,7559,980711,12792,12,1066,C,11-07-2022,,Running Contract
5103,666,971128,12540,12,1045,A,28-11-2021,,Contract Finished
6229,6040,941002,11736,24,489,A,02-10-2018,,Contract Finished
6019,5033,960725,11400,12,950,A,25-07-2020,,Contract Finished
6312,6453,980517,10944,36,304,C,17-05-2022,,Running Contract
6688,8268,970926,8616,24,359,C,26-09-2021,,Running Contract
6699,8330,940330,7656,24,319,A,30-03-2018,,Contract Finished
6234,6061,980528,5148,12,429,C,28-05-2022,,Running Contract
5657,3354,940705,4980,12,415,A,05-07-2018,,Contract Finished
